1	1	Walking Dead, The	Days Gone Bye	9.2	14793	2010	[<Person id:0001104[http] name:_Darabont, Frank_>]	[<Person id:0001104[http] name:_Darabont, Frank_>, <Person id:3079117[http] name:_Kirkman, Robert_>, <Person id:3877885[http] name:_Moore, Tony_>, <Person id:1891501[http] name:_Adlard, Charlie_>, <Person id:0001104[http] name:_Darabont, Frank_>]	[u'67', u'Germany:46::(international version)']
1	2	Walking Dead, The	Guts	8.7	9108	2010	[<Person id:0533713[http] name:_MacLaren, Michelle_>]	[<Person id:0001104[http] name:_Darabont, Frank_>, <Person id:3079117[http] name:_Kirkman, Robert_>, <Person id:3877885[http] name:_Moore, Tony_>, <Person id:1891501[http] name:_Adlard, Charlie_>, <Person id:0001104[http] name:_Darabont, Frank_>]	[u'45', u'Germany:43']
1	3	Walking Dead, The	Tell It to the Frogs	8.3	8291	2010	[<Person id:0394586[http] name:_Horder-Payton, Gwyneth_>]	[<Person id:0001104[http] name:_Darabont, Frank_>, <Person id:3079117[http] name:_Kirkman, Robert_>, <Person id:3877885[http] name:_Moore, Tony_>, <Person id:1891501[http] name:_Adlard, Charlie_>, <Person id:0251050[http] name:_Eglee, Charles H._>, <Person id:0517753[http] name:_LoGiudice, Jack_>, <Person id:0001104[http] name:_Darabont, Frank_>, <Person id:0251050[http] name:_Eglee, Charles H._>, <Person id:0517753[http] name:_LoGiudice, Jack_>]	[u'44']
1	4	Walking Dead, The	Vatos	8.6	8109	2010	[<Person id:0719307[http] name:_Renck, Johan_>]	[<Person id:0001104[http] name:_Darabont, Frank_>, <Person id:3079117[http] name:_Kirkman, Robert_>, <Person id:3877885[http] name:_Moore, Tony_>, <Person id:1891501[http] name:_Adlard, Charlie_>, <Person id:3079117[http] name:_Kirkman, Robert_>]	[u'45']
1	5	Walking Dead, The	Wildfire	8.3	7722	2010	[<Person id:0225416[http] name:_Dickerson, Ernest R._>]	[<Person id:0001104[http] name:_Darabont, Frank_>, <Person id:3079117[http] name:_Kirkman, Robert_>, <Person id:3877885[http] name:_Moore, Tony_>, <Person id:1891501[http] name:_Adlard, Charlie_>, <Person id:1185659[http] name:_Mazzara, Glen_>]	[u'45']
1	6	Walking Dead, The	TS-19	8.7	8467	2010	[<Person id:0272704[http] name:_Ferland, Guy_>]	[<Person id:0001104[http] name:_Darabont, Frank_>, <Person id:3079117[http] name:_Kirkman, Robert_>, <Person id:3877885[http] name:_Moore, Tony_>, <Person id:1891501[http] name:_Adlard, Charlie_>, <Person id:1469826[http] name:_Fierro, Adam_>, <Person id:0001104[http] name:_Darabont, Frank_>]	[u'45']
2	1	Walking Dead, The	What Lies Ahead	8.6	7864	2011	[<Person id:0225416[http] name:_Dickerson, Ernest R._>, <Person id:0394586[http] name:_Horder-Payton, Gwyneth_>]	[<Person id:0001104[http] name:_Darabont, Frank_>, <Person id:3079117[http] name:_Kirkman, Robert_>, <Person id:3877885[http] name:_Moore, Tony_>, <Person id:1891501[http] name:_Adlard, Charlie_>, <Person id:0001104[http] name:_Darabont, Frank_>, <Person id:3079117[http] name:_Kirkman, Robert_>]	[u'68', u'Germany:61']
2	2	Walking Dead, The	Bloodletting	8.1	6908	2011	[<Person id:0225416[http] name:_Dickerson, Ernest R._>]	[<Person id:0001104[http] name:_Darabont, Frank_>, <Person id:3079117[http] name:_Kirkman, Robert_>, <Person id:3877885[http] name:_Moore, Tony_>, <Person id:1891501[http] name:_Adlard, Charlie_>, <Person id:1185659[http] name:_Mazzara, Glen_>]	[u'41']
2	3	Walking Dead, The	Save the Last One	8.4	6998	2011	[<Person id:0008971[http] name:_Abraham, Phil_>]	[<Person id:0001104[http] name:_Darabont, Frank_>, <Person id:3079117[http] name:_Kirkman, Robert_>, <Person id:3877885[http] name:_Moore, Tony_>, <Person id:1891501[http] name:_Adlard, Charlie_>, <Person id:0991355[http] name:_Gimple, Scott M._>]	[u'Germany:42']
2	4	Walking Dead, The	Cherokee Rose	7.7	6750	2011	[<Person id:0317382[http] name:_Gierhart, Billy_>]	[<Person id:0001104[http] name:_Darabont, Frank_>, <Person id:3079117[http] name:_Kirkman, Robert_>, <Person id:3877885[http] name:_Moore, Tony_>, <Person id:1891501[http] name:_Adlard, Charlie_>, <Person id:1377920[http] name:_Reilly, Evan T._>]	[u'Germany:42']
2	5	Walking Dead, The	Chupacabra	8.2	6787	2011	[<Person id:0272704[http] name:_Ferland, Guy_>]	[<Person id:0001104[http] name:_Darabont, Frank_>, <Person id:3079117[http] name:_Kirkman, Robert_>, <Person id:3877885[http] name:_Moore, Tony_>, <Person id:1891501[http] name:_Adlard, Charlie_>, <Person id:0424901[http] name:_Johnson, David Leslie_>]	[u'43']
2	6	Walking Dead, The	Secrets	7.8	6573	2011	[<Person id:0101741[http] name:_Boyd, David_>]	[<Person id:0001104[http] name:_Darabont, Frank_>, <Person id:3079117[http] name:_Kirkman, Robert_>, <Person id:3877885[http] name:_Moore, Tony_>, <Person id:1891501[http] name:_Adlard, Charlie_>, <Person id:1764891[http] name:_Kang, Angela_>]	[u'43']
2	7	Walking Dead, The	Pretty Much Dead Already	9.3	9999	2011	[<Person id:0533713[http] name:_MacLaren, Michelle_>]	[<Person id:0001104[http] name:_Darabont, Frank_>, <Person id:3079117[http] name:_Kirkman, Robert_>, <Person id:3877885[http] name:_Moore, Tony_>, <Person id:1891501[http] name:_Adlard, Charlie_>, <Person id:0991355[http] name:_Gimple, Scott M._>]	[u'43']
2	8	Walking Dead, The	Nebraska	8.3	6653	2012	[<Person id:0424800[http] name:_Johnson, Clark_>]	[<Person id:0001104[http] name:_Darabont, Frank_>, <Person id:3079117[http] name:_Kirkman, Robert_>, <Person id:3877885[http] name:_Moore, Tony_>, <Person id:1891501[http] name:_Adlard, Charlie_>, <Person id:1377920[http] name:_Reilly, Evan T._>]	[u'43']
2	9	Walking Dead, The	Triggerfinger	8.4	6448	2012	[<Person id:0317382[http] name:_Gierhart, Billy_>]	[<Person id:0001104[http] name:_Darabont, Frank_>, <Person id:3079117[http] name:_Kirkman, Robert_>, <Person id:3877885[http] name:_Moore, Tony_>, <Person id:1891501[http] name:_Adlard, Charlie_>, <Person id:0424901[http] name:_Johnson, David Leslie_>]	[u'43']
2	10	Walking Dead, The	18 Miles Out	8.6	6668	2012	[<Person id:0225416[http] name:_Dickerson, Ernest R._>]	[<Person id:0001104[http] name:_Darabont, Frank_>, <Person id:3079117[http] name:_Kirkman, Robert_>, <Person id:3877885[http] name:_Moore, Tony_>, <Person id:1891501[http] name:_Adlard, Charlie_>, <Person id:0991355[http] name:_Gimple, Scott M._>, <Person id:1185659[http] name:_Mazzara, Glen_>]	[u'43']
2	11	Walking Dead, The	Judge, Jury, Executioner	8.6	6784	2012	[<Person id:0630524[http] name:_Nicotero, Greg_>]	[<Person id:0001104[http] name:_Darabont, Frank_>, <Person id:3079117[http] name:_Kirkman, Robert_>, <Person id:3877885[http] name:_Moore, Tony_>, <Person id:1891501[http] name:_Adlard, Charlie_>, <Person id:1764891[http] name:_Kang, Angela_>]	[u'43']
2	12	Walking Dead, The	Better Angels	9.1	8013	2012	[<Person id:0272704[http] name:_Ferland, Guy_>]	[<Person id:0001104[http] name:_Darabont, Frank_>, <Person id:3079117[http] name:_Kirkman, Robert_>, <Person id:3877885[http] name:_Moore, Tony_>, <Person id:1891501[http] name:_Adlard, Charlie_>, <Person id:1377920[http] name:_Reilly, Evan T._>, <Person id:1185659[http] name:_Mazzara, Glen_>]	[u'43']
2	13	Walking Dead, The	Beside the Dying Fire	9.2	9368	2012	[<Person id:0225416[http] name:_Dickerson, Ernest R._>]	[<Person id:0001104[http] name:_Darabont, Frank_>, <Person id:3079117[http] name:_Kirkman, Robert_>, <Person id:3877885[http] name:_Moore, Tony_>, <Person id:1891501[http] name:_Adlard, Charlie_>, <Person id:3079117[http] name:_Kirkman, Robert_>, <Person id:1185659[http] name:_Mazzara, Glen_>]	[u'Germany:42']
3	1	Walking Dead, The	Seed	8.9	8630	2012	[<Person id:0225416[http] name:_Dickerson, Ernest R._>]	[<Person id:0001104[http] name:_Darabont, Frank_>, <Person id:3079117[http] name:_Kirkman, Robert_>, <Person id:3877885[http] name:_Moore, Tony_>, <Person id:1891501[http] name:_Adlard, Charlie_>, <Person id:1185659[http] name:_Mazzara, Glen_>]	[u'Germany:41::(cut version)', u'43::(uncut version)']
3	2	Walking Dead, The	Sick	8.7	6917	2012	[<Person id:0317382[http] name:_Gierhart, Billy_>]	[<Person id:0001104[http] name:_Darabont, Frank_>, <Person id:3079117[http] name:_Kirkman, Robert_>, <Person id:3877885[http] name:_Moore, Tony_>, <Person id:1891501[http] name:_Adlard, Charlie_>, <Person id:2469074[http] name:_Beattie, Nichole_>]	[u'Germany:41::(cut version)', u'43::(uncut version)']
3	3	Walking Dead, The	Walk with Me	8.3	6680	2012	[<Person id:0272704[http] name:_Ferland, Guy_>]	[<Person id:0001104[http] name:_Darabont, Frank_>, <Person id:3079117[http] name:_Kirkman, Robert_>, <Person id:3877885[http] name:_Moore, Tony_>, <Person id:1891501[http] name:_Adlard, Charlie_>, <Person id:1377920[http] name:_Reilly, Evan T._>]	[u'43']
3	4	Walking Dead, The	Killer Within	9.4	9415	2012	[<Person id:0272704[http] name:_Ferland, Guy_>]	[<Person id:0001104[http] name:_Darabont, Frank_>, <Person id:3079117[http] name:_Kirkman, Robert_>, <Person id:3877885[http] name:_Moore, Tony_>, <Person id:1891501[http] name:_Adlard, Charlie_>, <Person id:3162990[http] name:_Kim, Sang Kyu_>]	[u'43', u'Germany:42::(uncut version)']
3	5	Walking Dead, The	Say the Word	8.3	6100	2012	[<Person id:0630524[http] name:_Nicotero, Greg_>]	[<Person id:0001104[http] name:_Darabont, Frank_>, <Person id:3079117[http] name:_Kirkman, Robert_>, <Person id:3877885[http] name:_Moore, Tony_>, <Person id:1891501[http] name:_Adlard, Charlie_>, <Person id:1764891[http] name:_Kang, Angela_>]	[u'43', u'Germany:42::(uncut version)']
3	6	Walking Dead, The	Hounded	8.4	5960	2012	[<Person id:0003733[http] name:_Attias, Daniel_>]	[<Person id:0001104[http] name:_Darabont, Frank_>, <Person id:3079117[http] name:_Kirkman, Robert_>, <Person id:3877885[http] name:_Moore, Tony_>, <Person id:1891501[http] name:_Adlard, Charlie_>, <Person id:0991355[http] name:_Gimple, Scott M._>]	[u'43', u'Germany:42']
3	7	Walking Dead, The	When the Dead Come Knocking	8.7	6120	2012	[<Person id:0755261[http] name:_Sackheim, Daniel_>]	[<Person id:0001104[http] name:_Darabont, Frank_>, <Person id:3079117[http] name:_Kirkman, Robert_>, <Person id:3877885[http] name:_Moore, Tony_>, <Person id:1891501[http] name:_Adlard, Charlie_>, <Person id:0719982[http] name:_Renzulli, Frank_>]	[u'43']
3	8	Walking Dead, The	Made to Suffer	9.0	6794	2012	[<Person id:0317382[http] name:_Gierhart, Billy_>]	[<Person id:0001104[http] name:_Darabont, Frank_>, <Person id:3079117[http] name:_Kirkman, Robert_>, <Person id:3877885[http] name:_Moore, Tony_>, <Person id:1891501[http] name:_Adlard, Charlie_>, <Person id:3079117[http] name:_Kirkman, Robert_>]	[u'43']
3	9	Walking Dead, The	Suicide King, The	8.2	6286	2013	[<Person id:0322128[http] name:_Glatter, Lesli Linka_>]	[<Person id:0001104[http] name:_Darabont, Frank_>, <Person id:3079117[http] name:_Kirkman, Robert_>, <Person id:3877885[http] name:_Moore, Tony_>, <Person id:1891501[http] name:_Adlard, Charlie_>, <Person id:1377920[http] name:_Reilly, Evan T._>]	[u'43', u'Germany:42']
3	10	Walking Dead, The	Home	8.8	6751	2013	[<Person id:0542960[http] name:_Mann, Seith_>]	[<Person id:0001104[http] name:_Darabont, Frank_>, <Person id:3079117[http] name:_Kirkman, Robert_>, <Person id:3877885[http] name:_Moore, Tony_>, <Person id:1891501[http] name:_Adlard, Charlie_>, <Person id:2469074[http] name:_Beattie, Nichole_>]	[u'43', u'Germany:42']
3	11	Walking Dead, The	I Ain't a Judas	7.9	6029	2013	[<Person id:0630524[http] name:_Nicotero, Greg_>]	[<Person id:0001104[http] name:_Darabont, Frank_>, <Person id:3079117[http] name:_Kirkman, Robert_>, <Person id:3877885[http] name:_Moore, Tony_>, <Person id:1891501[http] name:_Adlard, Charlie_>, <Person id:1764891[http] name:_Kang, Angela_>]	[u'Germany:42']
3	12	Walking Dead, The	Clear	8.8	7381	2013	[<Person id:0110644[http] name:_Brock, Tricia_>]	[<Person id:0001104[http] name:_Darabont, Frank_>, <Person id:3079117[http] name:_Kirkman, Robert_>, <Person id:3877885[http] name:_Moore, Tony_>, <Person id:1891501[http] name:_Adlard, Charlie_>, <Person id:0991355[http] name:_Gimple, Scott M._>]	[u'43', u'Germany:42']
3	13	Walking Dead, The	Arrow on the Doorpost	7.8	6261	2013	[<Person id:0101741[http] name:_Boyd, David_>]	[<Person id:0001104[http] name:_Darabont, Frank_>, <Person id:3079117[http] name:_Kirkman, Robert_>, <Person id:3877885[http] name:_Moore, Tony_>, <Person id:1891501[http] name:_Adlard, Charlie_>, <Person id:2645817[http] name:_Coleman, Ryan C._>]	[u'43', u'Germany:42']
3	14	Walking Dead, The	Prey	8.0	6237	2013	[<Person id:0777447[http] name:_Schwartz, Stefan_>]	[<Person id:0001104[http] name:_Darabont, Frank_>, <Person id:3079117[http] name:_Kirkman, Robert_>, <Person id:3877885[http] name:_Moore, Tony_>, <Person id:1891501[http] name:_Adlard, Charlie_>, <Person id:1185659[http] name:_Mazzara, Glen_>, <Person id:1377920[http] name:_Reilly, Evan T._>]	[u'43', u'Germany:42']
3	15	Walking Dead, The	This Sorrowful Life	8.9	7080	2013	[<Person id:0630524[http] name:_Nicotero, Greg_>]	[<Person id:0001104[http] name:_Darabont, Frank_>, <Person id:3079117[http] name:_Kirkman, Robert_>, <Person id:3877885[http] name:_Moore, Tony_>, <Person id:1891501[http] name:_Adlard, Charlie_>, <Person id:0991355[http] name:_Gimple, Scott M._>]	[u'43', u'Germany:42']
3	16	Walking Dead, The	Welcome to the Tombs	8.3	7736	2013	[<Person id:0225416[http] name:_Dickerson, Ernest R._>]	[<Person id:0001104[http] name:_Darabont, Frank_>, <Person id:3079117[http] name:_Kirkman, Robert_>, <Person id:3877885[http] name:_Moore, Tony_>, <Person id:1891501[http] name:_Adlard, Charlie_>, <Person id:1185659[http] name:_Mazzara, Glen_>]	[u'43', u'Germany:42']
4	1	Walking Dead, The	30 Days Without an Accident	8.3	8287	2013	[<Person id:0630524[http] name:_Nicotero, Greg_>]	[<Person id:0001104[http] name:_Darabont, Frank_>, <Person id:3079117[http] name:_Kirkman, Robert_>, <Person id:3877885[http] name:_Moore, Tony_>, <Person id:1891501[http] name:_Adlard, Charlie_>, <Person id:0991355[http] name:_Gimple, Scott M._>]	[u'43']
4	2	Walking Dead, The	Infected	8.5	6774	2013	[<Person id:0272704[http] name:_Ferland, Guy_>]	[<Person id:0001104[http] name:_Darabont, Frank_>, <Person id:3079117[http] name:_Kirkman, Robert_>, <Person id:3877885[http] name:_Moore, Tony_>, <Person id:1891501[http] name:_Adlard, Charlie_>, <Person id:1764891[http] name:_Kang, Angela_>]	[u'43']
4	3	Walking Dead, The	Isolation	8.2	6151	2013	[<Person id:0755261[http] name:_Sackheim, Daniel_>]	[<Person id:0001104[http] name:_Darabont, Frank_>, <Person id:3079117[http] name:_Kirkman, Robert_>, <Person id:3877885[http] name:_Moore, Tony_>, <Person id:1891501[http] name:_Adlard, Charlie_>, <Person id:3079117[http] name:_Kirkman, Robert_>]	[u'Germany:42']
4	4	Walking Dead, The	Indifference	8.1	6178	2013	[<Person id:0110644[http] name:_Brock, Tricia_>]	[<Person id:0001104[http] name:_Darabont, Frank_>, <Person id:3079117[http] name:_Kirkman, Robert_>, <Person id:3877885[http] name:_Moore, Tony_>, <Person id:1891501[http] name:_Adlard, Charlie_>, <Person id:0619408[http] name:_Negrete, Matthew_>]	[u'Germany:42']
4	5	Walking Dead, The	Internment	8.9	7703	2013	[<Person id:0101741[http] name:_Boyd, David_>]	[<Person id:0001104[http] name:_Darabont, Frank_>, <Person id:3079117[http] name:_Kirkman, Robert_>, <Person id:3877885[http] name:_Moore, Tony_>, <Person id:1891501[http] name:_Adlard, Charlie_>, <Person id:2444553[http] name:_Powell, Channing_>]	[u'Germany:42']
4	6	Walking Dead, The	Live Bait	7.9	6558	2013	[<Person id:0881461[http] name:_Uppendahl, Michael_>]	[<Person id:0001104[http] name:_Darabont, Frank_>, <Person id:3079117[http] name:_Kirkman, Robert_>, <Person id:3877885[http] name:_Moore, Tony_>, <Person id:1891501[http] name:_Adlard, Charlie_>, <Person id:2469074[http] name:_Beattie, Nichole_>]	[u'Germany:42']
4	7	Walking Dead, The	Dead Weight	7.9	6350	2013	[<Person id:0687964[http] name:_Podeswa, Jeremy_>]	[<Person id:0001104[http] name:_Darabont, Frank_>, <Person id:3079117[http] name:_Kirkman, Robert_>, <Person id:3877885[http] name:_Moore, Tony_>, <Person id:1891501[http] name:_Adlard, Charlie_>, <Person id:1383735[http] name:_Gwinn, Curtis_>]	[u'Germany:42']
4	8	Walking Dead, The	Too Far Gone	9.7	17425	2013	[<Person id:0225416[http] name:_Dickerson, Ernest R._>]	[<Person id:0001104[http] name:_Darabont, Frank_>, <Person id:3079117[http] name:_Kirkman, Robert_>, <Person id:3877885[http] name:_Moore, Tony_>, <Person id:1891501[http] name:_Adlard, Charlie_>, <Person id:2397756[http] name:_Hoffman, Seth_>]	[u'43']
4	9	Walking Dead, The	After	8.2	7181	2014	[<Person id:0630524[http] name:_Nicotero, Greg_>]	[<Person id:0001104[http] name:_Darabont, Frank_>, <Person id:3079117[http] name:_Kirkman, Robert_>, <Person id:3877885[http] name:_Moore, Tony_>, <Person id:1891501[http] name:_Adlard, Charlie_>, <Person id:3079117[http] name:_Kirkman, Robert_>]	[u'Germany:42']
4	10	Walking Dead, The	Inmates	8.3	6489	2014	[<Person id:0110644[http] name:_Brock, Tricia_>]	[<Person id:0001104[http] name:_Darabont, Frank_>, <Person id:3079117[http] name:_Kirkman, Robert_>, <Person id:3877885[http] name:_Moore, Tony_>, <Person id:1891501[http] name:_Adlard, Charlie_>, <Person id:0619408[http] name:_Negrete, Matthew_>, <Person id:2444553[http] name:_Powell, Channing_>]	[u'Germany:42']
4	11	Walking Dead, The	Claimed	8.3	6227	2014	[<Person id:0542960[http] name:_Mann, Seith_>]	[<Person id:0001104[http] name:_Darabont, Frank_>, <Person id:3079117[http] name:_Kirkman, Robert_>, <Person id:3877885[http] name:_Moore, Tony_>, <Person id:1891501[http] name:_Adlard, Charlie_>, <Person id:2469074[http] name:_Beattie, Nichole_>, <Person id:2397756[http] name:_Hoffman, Seth_>]	[u'Germany:42']
4	12	Walking Dead, The	Still	7.2	9053	2014	[<Person id:1905909[http] name:_Ramsay, Julius_>]	[<Person id:0001104[http] name:_Darabont, Frank_>, <Person id:3079117[http] name:_Kirkman, Robert_>, <Person id:3877885[http] name:_Moore, Tony_>, <Person id:1891501[http] name:_Adlard, Charlie_>, <Person id:1764891[http] name:_Kang, Angela_>]	[u'Germany:42']
4	13	Walking Dead, The	Alone	8.1	6413	2014	[<Person id:0225416[http] name:_Dickerson, Ernest R._>]	[<Person id:0001104[http] name:_Darabont, Frank_>, <Person id:3079117[http] name:_Kirkman, Robert_>, <Person id:3877885[http] name:_Moore, Tony_>, <Person id:1891501[http] name:_Adlard, Charlie_>, <Person id:1383735[http] name:_Gwinn, Curtis_>]	[u'Germany:42']
4	14	Walking Dead, The	Grove, The	9.2	10413	2014	[<Person id:0766349[http] name:_Satrazemis, Michael E._>]	[<Person id:0001104[http] name:_Darabont, Frank_>, <Person id:3079117[http] name:_Kirkman, Robert_>, <Person id:3877885[http] name:_Moore, Tony_>, <Person id:1891501[http] name:_Adlard, Charlie_>, <Person id:0991355[http] name:_Gimple, Scott M._>]	[u'Germany:42']
4	15	Walking Dead, The	Us	8.6	6254	2014	[<Person id:0630524[http] name:_Nicotero, Greg_>]	[<Person id:0001104[http] name:_Darabont, Frank_>, <Person id:3079117[http] name:_Kirkman, Robert_>, <Person id:3877885[http] name:_Moore, Tony_>, <Person id:1891501[http] name:_Adlard, Charlie_>, <Person id:2469074[http] name:_Beattie, Nichole_>, <Person id:2397756[http] name:_Hoffman, Seth_>]	[u'Germany:42']
4	16	Walking Dead, The	A	9.1	10033	2014	[<Person id:0533713[http] name:_MacLaren, Michelle_>]	[<Person id:0001104[http] name:_Darabont, Frank_>, <Person id:3079117[http] name:_Kirkman, Robert_>, <Person id:3877885[http] name:_Moore, Tony_>, <Person id:1891501[http] name:_Adlard, Charlie_>, <Person id:0991355[http] name:_Gimple, Scott M._>, <Person id:1764891[http] name:_Kang, Angela_>]	[u'Germany:42']
5	1	Walking Dead, The	No Sanctuary	9.6	19261	2014	[<Person id:0630524[http] name:_Nicotero, Greg_>]	[<Person id:0001104[http] name:_Darabont, Frank_>, <Person id:3079117[http] name:_Kirkman, Robert_>, <Person id:3877885[http] name:_Moore, Tony_>, <Person id:1891501[http] name:_Adlard, Charlie_>, <Person id:0991355[http] name:_Gimple, Scott M._>]	[u'Germany:42::(cut version)']
5	2	Walking Dead, The	Strangers	8.6	8120	2014	[<Person id:0101741[http] name:_Boyd, David_>]	[<Person id:0001104[http] name:_Darabont, Frank_>, <Person id:3079117[http] name:_Kirkman, Robert_>, <Person id:3877885[http] name:_Moore, Tony_>, <Person id:1891501[http] name:_Adlard, Charlie_>, <Person id:3079117[http] name:_Kirkman, Robert_>]	[u'Germany:42']
5	3	Walking Dead, The	Four Walls and a Roof	9.1	8811	2014	[<Person id:0418362[http] name:_January, Jeffrey F._>]	[<Person id:0001104[http] name:_Darabont, Frank_>, <Person id:3079117[http] name:_Kirkman, Robert_>, <Person id:3877885[http] name:_Moore, Tony_>, <Person id:1891501[http] name:_Adlard, Charlie_>, <Person id:1764891[http] name:_Kang, Angela_>, <Person id:1250141[http] name:_Reed, Corey_>]	[u'Germany:42']
5	4	Walking Dead, The	Slabtown	7.7	7977	2014	[<Person id:0766349[http] name:_Satrazemis, Michael E._>]	[<Person id:0001104[http] name:_Darabont, Frank_>, <Person id:3079117[http] name:_Kirkman, Robert_>, <Person id:3877885[http] name:_Moore, Tony_>, <Person id:1891501[http] name:_Adlard, Charlie_>, <Person id:0619408[http] name:_Negrete, Matthew_>, <Person id:2444553[http] name:_Powell, Channing_>]	[u'Germany:42']
5	5	Walking Dead, The	Self Help	8.1	6843	2014	[<Person id:0225416[http] name:_Dickerson, Ernest R._>]	[<Person id:0001104[http] name:_Darabont, Frank_>, <Person id:3079117[http] name:_Kirkman, Robert_>, <Person id:3877885[http] name:_Moore, Tony_>, <Person id:1891501[http] name:_Adlard, Charlie_>, <Person id:4763161[http] name:_Bellson, Heather_>, <Person id:2397756[http] name:_Hoffman, Seth_>]	[u'Germany:42']
5	6	Walking Dead, The	Consumed	8.2	6593	2014	[<Person id:0542960[http] name:_Mann, Seith_>]	[<Person id:0001104[http] name:_Darabont, Frank_>, <Person id:3079117[http] name:_Kirkman, Robert_>, <Person id:3877885[http] name:_Moore, Tony_>, <Person id:1891501[http] name:_Adlard, Charlie_>, <Person id:0619408[http] name:_Negrete, Matthew_>, <Person id:1250141[http] name:_Reed, Corey_>]	[u'Germany:42']
5	7	Walking Dead, The	Crossed	8.1	6088	2014	[<Person id:0317382[http] name:_Gierhart, Billy_>]	[<Person id:0001104[http] name:_Darabont, Frank_>, <Person id:3079117[http] name:_Kirkman, Robert_>, <Person id:3877885[http] name:_Moore, Tony_>, <Person id:1891501[http] name:_Adlard, Charlie_>, <Person id:2397756[http] name:_Hoffman, Seth_>]	[u'Germany:42']
5	8	Walking Dead, The	Coda	8.8	8709	2014	[<Person id:0225416[http] name:_Dickerson, Ernest R._>]	[<Person id:0001104[http] name:_Darabont, Frank_>, <Person id:3079117[http] name:_Kirkman, Robert_>, <Person id:3877885[http] name:_Moore, Tony_>, <Person id:1891501[http] name:_Adlard, Charlie_>, <Person id:1764891[http] name:_Kang, Angela_>]	[u'Germany:42']
5	9	Walking Dead, The	What Happened and What's Going On	8.0	8461	2015	[<Person id:0630524[http] name:_Nicotero, Greg_>]	[<Person id:0001104[http] name:_Darabont, Frank_>, <Person id:3079117[http] name:_Kirkman, Robert_>, <Person id:3877885[http] name:_Moore, Tony_>, <Person id:1891501[http] name:_Adlard, Charlie_>, <Person id:0991355[http] name:_Gimple, Scott M._>]	[u'Germany:42']
5	10	Walking Dead, The	Them	7.6	6881	2015	[<Person id:1905909[http] name:_Ramsay, Julius_>]	[<Person id:0001104[http] name:_Darabont, Frank_>, <Person id:3079117[http] name:_Kirkman, Robert_>, <Person id:3877885[http] name:_Moore, Tony_>, <Person id:1891501[http] name:_Adlard, Charlie_>, <Person id:4763161[http] name:_Bellson, Heather_>]	[u'43', u'Germany:42']
5	11	Walking Dead, The	Distance, The	8.6	6469	2015	[<Person id:2326979[http] name:_Kondracki, Larysa_>]	[<Person id:0001104[http] name:_Darabont, Frank_>, <Person id:3079117[http] name:_Kirkman, Robert_>, <Person id:3877885[http] name:_Moore, Tony_>, <Person id:1891501[http] name:_Adlard, Charlie_>, <Person id:2397756[http] name:_Hoffman, Seth_>]	[u'Germany:42']
5	12	Walking Dead, The	Remember	8.8	6639	2015	[<Person id:0630524[http] name:_Nicotero, Greg_>]	[<Person id:0001104[http] name:_Darabont, Frank_>, <Person id:3079117[http] name:_Kirkman, Robert_>, <Person id:3877885[http] name:_Moore, Tony_>, <Person id:1891501[http] name:_Adlard, Charlie_>, <Person id:2444553[http] name:_Powell, Channing_>]	[u'Germany:42']
5	13	Walking Dead, The	Forget	8.1	5830	2015	[<Person id:0101741[http] name:_Boyd, David_>]	[<Person id:0001104[http] name:_Darabont, Frank_>, <Person id:3079117[http] name:_Kirkman, Robert_>, <Person id:3877885[http] name:_Moore, Tony_>, <Person id:1891501[http] name:_Adlard, Charlie_>, <Person id:1250141[http] name:_Reed, Corey_>]	[u'Germany:42']
5	14	Walking Dead, The	Spend	9.0	7558	2015	[<Person id:0528337[http] name:_Lynch, Jennifer_>]	[<Person id:0001104[http] name:_Darabont, Frank_>, <Person id:3079117[http] name:_Kirkman, Robert_>, <Person id:3877885[http] name:_Moore, Tony_>, <Person id:1891501[http] name:_Adlard, Charlie_>, <Person id:0619408[http] name:_Negrete, Matthew_>]	[u'Germany:42']
5	15	Walking Dead, The	Try	8.6	6277	2015	[<Person id:0766349[http] name:_Satrazemis, Michael E._>]	[<Person id:0001104[http] name:_Darabont, Frank_>, <Person id:3079117[http] name:_Kirkman, Robert_>, <Person id:3877885[http] name:_Moore, Tony_>, <Person id:1891501[http] name:_Adlard, Charlie_>, <Person id:1764891[http] name:_Kang, Angela_>]	[u'Germany:42']
5	16	Walking Dead, The	Conquer	9.3	10883	2015	[<Person id:0630524[http] name:_Nicotero, Greg_>]	[<Person id:0001104[http] name:_Darabont, Frank_>, <Person id:3079117[http] name:_Kirkman, Robert_>, <Person id:3877885[http] name:_Moore, Tony_>, <Person id:1891501[http] name:_Adlard, Charlie_>, <Person id:0991355[http] name:_Gimple, Scott M._>, <Person id:2397756[http] name:_Hoffman, Seth_>]	[u'90', u'Germany:62']
6	1	Walking Dead, The	First Time Again	8.8	10422	2015	[<Person id:0630524[http] name:_Nicotero, Greg_>]	[<Person id:0001104[http] name:_Darabont, Frank_>, <Person id:3079117[http] name:_Kirkman, Robert_>, <Person id:3877885[http] name:_Moore, Tony_>, <Person id:1891501[http] name:_Adlard, Charlie_>, <Person id:0991355[http] name:_Gimple, Scott M._>, <Person id:0619408[http] name:_Negrete, Matthew_>]	[u'65']
6	2	Walking Dead, The	JSS	9.3	10097	2015	[<Person id:0528337[http] name:_Lynch, Jennifer_>]	[<Person id:0001104[http] name:_Darabont, Frank_>, <Person id:3079117[http] name:_Kirkman, Robert_>, <Person id:3877885[http] name:_Moore, Tony_>, <Person id:1891501[http] name:_Adlard, Charlie_>, <Person id:2397756[http] name:_Hoffman, Seth_>]	[u'44']
6	3	Walking Dead, The	Thank You	9.4	11008	2015	[<Person id:0806252[http] name:_Slovis, Michael_>]	[<Person id:0001104[http] name:_Darabont, Frank_>, <Person id:3079117[http] name:_Kirkman, Robert_>, <Person id:3877885[http] name:_Moore, Tony_>, <Person id:1891501[http] name:_Adlard, Charlie_>, <Person id:1764891[http] name:_Kang, Angela_>]	[u'43']
6	4	Walking Dead, The	Here's Not Here	8.3	9107	2015	[<Person id:0931724[http] name:_Williams, Stephen_>]	[<Person id:0001104[http] name:_Darabont, Frank_>, <Person id:3079117[http] name:_Kirkman, Robert_>, <Person id:3877885[http] name:_Moore, Tony_>, <Person id:1891501[http] name:_Adlard, Charlie_>, <Person id:0991355[http] name:_Gimple, Scott M._>]	[u'62']
6	5	Walking Dead, The	Now	7.4	6511	2015	[<Person id:1143132[http] name:_Youabian, Avi_>]	[<Person id:0001104[http] name:_Darabont, Frank_>, <Person id:3079117[http] name:_Kirkman, Robert_>, <Person id:3877885[http] name:_Moore, Tony_>, <Person id:1891501[http] name:_Adlard, Charlie_>, <Person id:1250141[http] name:_Reed, Corey_>]	[u'43']
6	6	Walking Dead, The	Always Accountable	7.8	6008	2015	[<Person id:0418362[http] name:_January, Jeffrey F._>]	[<Person id:0001104[http] name:_Darabont, Frank_>, <Person id:3079117[http] name:_Kirkman, Robert_>, <Person id:3877885[http] name:_Moore, Tony_>, <Person id:1891501[http] name:_Adlard, Charlie_>, <Person id:4763161[http] name:_Bellson, Heather_>]	[u'43']
6	7	Walking Dead, The	Heads Up	8.3	5957	2015	[<Person id:0101741[http] name:_Boyd, David_>]	[<Person id:0001104[http] name:_Darabont, Frank_>, <Person id:3079117[http] name:_Kirkman, Robert_>, <Person id:3877885[http] name:_Moore, Tony_>, <Person id:1891501[http] name:_Adlard, Charlie_>, <Person id:2444553[http] name:_Powell, Channing_>]	[u'43']
6	8	Walking Dead, The	Start to Finish	8.1	6537	2015	[<Person id:0766349[http] name:_Satrazemis, Michael E._>]	[<Person id:0001104[http] name:_Darabont, Frank_>, <Person id:3079117[http] name:_Kirkman, Robert_>, <Person id:3877885[http] name:_Moore, Tony_>, <Person id:1891501[http] name:_Adlard, Charlie_>, <Person id:0619408[http] name:_Negrete, Matthew_>]	[u'44']
6	9	Walking Dead, The	No Way Out	9.7	19534	2016	[<Person id:0630524[http] name:_Nicotero, Greg_>]	[<Person id:0001104[http] name:_Darabont, Frank_>, <Person id:3079117[http] name:_Kirkman, Robert_>, <Person id:3877885[http] name:_Moore, Tony_>, <Person id:1891501[http] name:_Adlard, Charlie_>, <Person id:2397756[http] name:_Hoffman, Seth_>]	[u'43']
6	10	Walking Dead, The	Next World, The	8.5	6710	2016	[<Person id:0804556[http] name:_Skogland, Kari_>]	[<Person id:0001104[http] name:_Darabont, Frank_>, <Person id:3079117[http] name:_Kirkman, Robert_>, <Person id:3877885[http] name:_Moore, Tony_>, <Person id:1891501[http] name:_Adlard, Charlie_>, <Person id:1764891[http] name:_Kang, Angela_>, <Person id:1250141[http] name:_Reed, Corey_>]	[u'42']
6	11	Walking Dead, The	Knots Untie	8.4	5547	2016	[<Person id:0766349[http] name:_Satrazemis, Michael E._>]	[<Person id:0001104[http] name:_Darabont, Frank_>, <Person id:3079117[http] name:_Kirkman, Robert_>, <Person id:3877885[http] name:_Moore, Tony_>, <Person id:1891501[http] name:_Adlard, Charlie_>, <Person id:0619408[http] name:_Negrete, Matthew_>, <Person id:2444553[http] name:_Powell, Channing_>]	[u'43']
6	12	Walking Dead, The	Not Tomorrow Yet	9.1	7225	2016	[<Person id:0630524[http] name:_Nicotero, Greg_>]	[<Person id:0001104[http] name:_Darabont, Frank_>, <Person id:3079117[http] name:_Kirkman, Robert_>, <Person id:3877885[http] name:_Moore, Tony_>, <Person id:1891501[http] name:_Adlard, Charlie_>, <Person id:2397756[http] name:_Hoffman, Seth_>]	[u'43']
6	13	Walking Dead, The	Same Boat, The	8.7	6685	2016	[<Person id:0317382[http] name:_Gierhart, Billy_>]	[<Person id:0001104[http] name:_Darabont, Frank_>, <Person id:3079117[http] name:_Kirkman, Robert_>, <Person id:3877885[http] name:_Moore, Tony_>, <Person id:1891501[http] name:_Adlard, Charlie_>, <Person id:1764891[http] name:_Kang, Angela_>]	[u'42']
6	14	Walking Dead, The	Twice as Far	8.2	5576	2016	[<Person id:0726975[http] name:_Riley, Alrick_>]	[<Person id:0001104[http] name:_Darabont, Frank_>, <Person id:3079117[http] name:_Kirkman, Robert_>, <Person id:3877885[http] name:_Moore, Tony_>, <Person id:1891501[http] name:_Adlard, Charlie_>, <Person id:0619408[http] name:_Negrete, Matthew_>]	[u'43']
6	15	Walking Dead, The	East	8.1	5548	2016	[<Person id:0766349[http] name:_Satrazemis, Michael E._>]	[<Person id:0001104[http] name:_Darabont, Frank_>, <Person id:3079117[http] name:_Kirkman, Robert_>, <Person id:3877885[http] name:_Moore, Tony_>, <Person id:1891501[http] name:_Adlard, Charlie_>, <Person id:2444553[http] name:_Powell, Channing_>, <Person id:0991355[http] name:_Gimple, Scott M._>, <Person id:2444553[http] name:_Powell, Channing_>]	[u'42']
6	16	Walking Dead, The	Last Day on Earth	6.2	22722	2016	[<Person id:0630524[http] name:_Nicotero, Greg_>]	[<Person id:0001104[http] name:_Darabont, Frank_>, <Person id:3079117[http] name:_Kirkman, Robert_>, <Person id:3877885[http] name:_Moore, Tony_>, <Person id:1891501[http] name:_Adlard, Charlie_>, <Person id:0991355[http] name:_Gimple, Scott M._>, <Person id:0619408[http] name:_Negrete, Matthew_>]	[u'65::(excluding commercials)']
7	1	Walking Dead, The	Day Will Come When You Won't Be, The	9.2	29281	2016	[<Person id:0630524[http] name:_Nicotero, Greg_>]	[<Person id:0001104[http] name:_Darabont, Frank_>, <Person id:3079117[http] name:_Kirkman, Robert_>, <Person id:3877885[http] name:_Moore, Tony_>, <Person id:1891501[http] name:_Adlard, Charlie_>, <Person id:0991355[http] name:_Gimple, Scott M._>]	[u'46', u'60::(including commercials)']
7	2	Walking Dead, The	Well, The	7.3	7974	2016	[<Person id:0630524[http] name:_Nicotero, Greg_>]	[<Person id:0001104[http] name:_Darabont, Frank_>, <Person id:3079117[http] name:_Kirkman, Robert_>, <Person id:3877885[http] name:_Moore, Tony_>, <Person id:1891501[http] name:_Adlard, Charlie_>, <Person id:0619408[http] name:_Negrete, Matthew_>]	[u'46']
7	3	Walking Dead, The	Cell, The	7.8	6548	2016	[<Person id:0726975[http] name:_Riley, Alrick_>]	[<Person id:0001104[http] name:_Darabont, Frank_>, <Person id:3079117[http] name:_Kirkman, Robert_>, <Person id:3877885[http] name:_Moore, Tony_>, <Person id:1891501[http] name:_Adlard, Charlie_>, <Person id:1764891[http] name:_Kang, Angela_>]	[u'42']
7	4	Walking Dead, The	Service	7.9	6247	2016	[<Person id:0101741[http] name:_Boyd, David_>]	[<Person id:0001104[http] name:_Darabont, Frank_>, <Person id:3079117[http] name:_Kirkman, Robert_>, <Person id:3877885[http] name:_Moore, Tony_>, <Person id:1891501[http] name:_Adlard, Charlie_>, <Person id:1250141[http] name:_Reed, Corey_>]	[u'60::(excluding commercials)']
7	5	Walking Dead, The	Go Getters	7.1	5567	2016	[<Person id:0552140[http] name:_Martin, Darnell_>]	[<Person id:0001104[http] name:_Darabont, Frank_>, <Person id:3079117[http] name:_Kirkman, Robert_>, <Person id:3877885[http] name:_Moore, Tony_>, <Person id:1891501[http] name:_Adlard, Charlie_>, <Person id:2444553[http] name:_Powell, Channing_>]	[u'44']
7	6	Walking Dead, The	Swear	5.8	7516	2016	[<Person id:0766349[http] name:_Satrazemis, Michael E._>]	[<Person id:0001104[http] name:_Darabont, Frank_>, <Person id:3079117[http] name:_Kirkman, Robert_>, <Person id:3877885[http] name:_Moore, Tony_>, <Person id:1891501[http] name:_Adlard, Charlie_>, <Person id:0424901[http] name:_Johnson, David Leslie_>]	[u'49']
7	7	Walking Dead, The	Sing Me a Song	8.3	5345	2016	[<Person id:0735504[http] name:_Rodriguez, Rosemary_>]	[<Person id:0001104[http] name:_Darabont, Frank_>, <Person id:3079117[http] name:_Kirkman, Robert_>, <Person id:3877885[http] name:_Moore, Tony_>, <Person id:1891501[http] name:_Adlard, Charlie_>, <Person id:1764891[http] name:_Kang, Angela_>, <Person id:1250141[http] name:_Reed, Corey_>]	[u'62']
7	8	Walking Dead, The	Hearts Still Beating	9.0	6389	2016	[<Person id:0766349[http] name:_Satrazemis, Michael E._>]	[<Person id:0001104[http] name:_Darabont, Frank_>, <Person id:3079117[http] name:_Kirkman, Robert_>, <Person id:3877885[http] name:_Moore, Tony_>, <Person id:1891501[http] name:_Adlard, Charlie_>, <Person id:0619408[http] name:_Negrete, Matthew_>, <Person id:2444553[http] name:_Powell, Channing_>]	[u'60']
7	9	Walking Dead, The	Rock in the Road	8.6	3056	2017	[<Person id:0630524[http] name:_Nicotero, Greg_>]	[<Person id:0001104[http] name:_Darabont, Frank_>, <Person id:3079117[http] name:_Kirkman, Robert_>, <Person id:3877885[http] name:_Moore, Tony_>, <Person id:1891501[http] name:_Adlard, Charlie_>, <Person id:1764891[http] name:_Kang, Angela_>]	[u'51']
7	10	Walking Dead, The	New Best Friends			2017	[<Person id:0418362[http] name:_January, Jeffrey F._>]		[u'52::(excluding commercials)']
7	11	Walking Dead, The	Hostiles and Calamities			2017			
7	12	Walking Dead, The	Say Yes			2017			
7	13	Walking Dead, The	Bury Me Here			2017			
7	14	Walking Dead, The	Episode #7.14			2017			
7	15	Walking Dead, The	Episode #7.15			2017			
7	16	Walking Dead, The	Episode #7.16			2017			
8	1	Walking Dead, The	Episode #8.1			2017		[<Person id:0001104[http] name:_Darabont, Frank_>, <Person id:3079117[http] name:_Kirkman, Robert_>]	
8	2	Walking Dead, The	Episode #8.2			2017		[<Person id:0001104[http] name:_Darabont, Frank_>, <Person id:3079117[http] name:_Kirkman, Robert_>, <Person id:3877885[http] name:_Moore, Tony_>, <Person id:1891501[http] name:_Adlard, Charlie_>]	
8	3	Walking Dead, The	Episode #8.3			2017		[<Person id:0001104[http] name:_Darabont, Frank_>, <Person id:3079117[http] name:_Kirkman, Robert_>, <Person id:3877885[http] name:_Moore, Tony_>, <Person id:1891501[http] name:_Adlard, Charlie_>]	
8	4	Walking Dead, The	Episode #8.4			2017		[<Person id:0001104[http] name:_Darabont, Frank_>, <Person id:3079117[http] name:_Kirkman, Robert_>, <Person id:3877885[http] name:_Moore, Tony_>, <Person id:1891501[http] name:_Adlard, Charlie_>]	
8	5	Walking Dead, The	Episode #8.5			2017		[<Person id:0001104[http] name:_Darabont, Frank_>, <Person id:3079117[http] name:_Kirkman, Robert_>, <Person id:3877885[http] name:_Moore, Tony_>, <Person id:1891501[http] name:_Adlard, Charlie_>]	
8	6	Walking Dead, The	Episode #8.6			2017		[<Person id:0001104[http] name:_Darabont, Frank_>, <Person id:3079117[http] name:_Kirkman, Robert_>, <Person id:3877885[http] name:_Moore, Tony_>, <Person id:1891501[http] name:_Adlard, Charlie_>]	
8	7	Walking Dead, The	Episode #8.7						
8	8	Walking Dead, The	Episode #8.8						
8	9	Walking Dead, The	Episode #8.9			2018			
8	10	Walking Dead, The	Episode #8.10						
8	11	Walking Dead, The	Episode #8.11						
8	12	Walking Dead, The	Episode #8.12						
8	13	Walking Dead, The	Episode #8.13						
8	14	Walking Dead, The	Episode #8.14						
8	15	Walking Dead, The	Episode #8.15						
8	16	Walking Dead, The	Episode #8.16						
