1,1,"100, The",Pilot,7.5,3461,2014
1,2,"100, The",Earth Skills,7.6,2869,2014
1,3,"100, The",Earth Kills,7.9,2730,2014
1,4,"100, The",Murphy's Law,7.9,2610,2014
1,5,"100, The",Twilight's Last Gleaming,8.1,2559,2014
1,6,"100, The",His Sister's Keeper,8.0,2527,2014
1,7,"100, The",Contents Under Pressure,8.1,2519,2014
1,8,"100, The",Day Trip,7.9,2506,2014
1,9,"100, The",Unity Day,8.2,2459,2014
1,10,"100, The",I Am Become Death,8.3,2442,2014
1,11,"100, The","Calm, The",8.0,2380,2014
1,12,"100, The",We Are Grounders: Part 1,8.4,2489,2014
1,13,"100, The",We Are Grounders: Part 2,8.9,2871,2014
2,1,"100, The","48, The",8.5,2624,2014
2,2,"100, The",Inclement Weather,8.4,2440,2014
2,3,"100, The",Reapercussions,8.3,2330,2014
2,4,"100, The",Many Happy Returns,8.4,2339,2014
2,5,"100, The",Human Trials,8.6,2506,2014
2,6,"100, The",Fog of War,8.4,2381,2014
2,7,"100, The",Long Into an Abyss,8.6,2478,2014
2,8,"100, The",Spacewalker,8.9,3064,2014
2,9,"100, The",Remember Me,8.3,2334,2015
2,10,"100, The",Survival of the Fittest,8.4,2339,2015
2,12,"100, The",Rubicon,8.7,2401,2015
2,13,"100, The",Resurrection,8.8,2461,2015
2,14,"100, The",Bodyguard of Lies,8.9,3047,2015
2,15,"100, The",Blood Must Have Blood: Part 1,8.9,2837,2015
2,16,"100, The",Blood Must Have Blood: Part 2,9.3,3851,2015
3,1,"100, The",Wanheda: Part 1,8.3,3556,2016
3,2,"100, The",Wanheda: Part 2,8.6,3308,2016
3,3,"100, The",Ye Who Enter Here,9.1,3964,2016
3,4,"100, The",Watch the Thrones,8.8,3690,2016
3,5,"100, The",Hakeldama,8.4,3186,2016
3,6,"100, The",Bitter Harvest,8.5,3399,2016
3,7,"100, The",Thirteen,5.6,9963,2016
3,8,"100, The",Terms and Conditions,5.9,7341,2016
3,9,"100, The",Stealing Fire,6.0,6694,2016
3,10,"100, The",Fallen,6.1,6414,2016
3,11,"100, The",Nevermore,6.8,6831,2016
3,12,"100, The",Demons,6.5,5211,2016
3,13,"100, The",Join or Die,6.8,4885,2016
3,14,"100, The",Red Sky at Morning,6.8,4542,2016
3,15,"100, The",Perverse Instantiation: Part One,6.9,4739,2016
3,16,"100, The",Perverse Instantiation: Part Two,7.2,3974,2016
4,1,"100, The",Echoes,7.7,1657,2017
4,2,"100, The",Heavy Lies the Crown,8.0,940,2017
4,3,"100, The","Four Horsemen, The",8.6,826,2017
4,4,"100, The","Lie Guarded, A",,,2017
4,5,"100, The",Episode #4.5,,,2017
4,6,"100, The",Episode #4.6,,,2017
4,7,"100, The",Episode #4.7,,,2017
4,8,"100, The",Episode #4.8,,,2017
4,10,"100, The",Episode #4.10,,,2017
4,11,"100, The",Episode #4.11,,,2017
4,12,"100, The",Episode #4.12,,,2017
4,13,"100, The",Episode #4.13,,,2017
